variable,value
inactive.Singletons,0.00123482658500789
inactive.Singletons,5.25114030957641e-05
inactive.Singletons,0.0255648775664417
inactive.Singletons,0.00582202475945197
inactive.Singletons,0.000525744200471174
inactive.Singletons,0.00011734361768822
inactive.Singletons,0.000149125476287828
inactive.Singletons,0.000709047003326638
inactive.Singletons,0.000206320951777115
inactive.Singletons,0.000540392008192177
inactive.Singletons,0.000586959104946743
inactive.Singletons,0.000483288607793309
inactive.Singletons,0.00255795605888127
inactive.Singletons,0.00255760242281853
inactive.Singletons,0.00126793974038723
inactive.Singletons,0.00519817524943721
inactive.Singletons,0.00508176868925177
inactive.Singletons,0.00026752983369093
inactive.Singletons,0.000832954662809116
inactive.Singletons,0.000136202343396711
inactive.Singletons,7.64471706132164e-05
inactive.Singletons,0.00317958353985008
inactive.Singletons,0.00117227223192838
inactive.Singletons,0.00155476387109487
inactive.Singletons,0.00288898262820651
inactive.Singletons,0.00867879419746895
inactive.Singletons,4.48072782651419e-05
inactive.Singletons,0.000445591867130087
inactive.Singletons,0.0109874460670928
inactive.Singletons,5.95786414432603e-05
inactive.Singletons,0.00744612869987476
inactive.Singletons,0.000212258302316207
inactive.Singletons,0.000231748634318062
inactive.Singletons,0.00117245792889609
inactive.Singletons,0.000654069644468777
inactive.Singletons,2.34311814237319e-05
inactive.Singletons,0.0297478697296541
inactive.Singletons,0.00117264364530319
inactive.Singletons,0.000252606396125486
inactive.Singletons,0.00114274077696116
inactive.Singletons,0.00556466800137373
inactive.Singletons,3.36221344013237e-05
inactive.Singletons,0.00282041908782286
inactive.Singletons,4.0678754266085e-05
inactive.Singletons,0.00288781172005661
inactive.Singletons,0.00120364860963642
inactive.Singletons,0.00282080191894855
inactive.Singletons,0.00014440731623668
inactive.Singletons,0.00120307924635777
inactive.Singletons,0.00126615644224127
inactive.Singletons,0.000974941221166029
inactive.Singletons,0.000194473489072715
inactive.Singletons,8.38783900792054e-05
inactive.Singletons,0.000245416599519487
inactive.Singletons,0.000810907418564806
inactive.Singletons,0.0297455990479031
inactive.Singletons,0.000878579001447321
inactive.Singletons,0.00190231128653038
inactive.Singletons,0.00204938211278964
inactive.Singletons,0.00151687550806041
inactive.Singletons,0.000172884239143948
inactive.Singletons,0.00232092322242313
inactive.Singletons,0.00133476360224361
inactive.Singletons,0.00317831823309938
inactive.Singletons,3.05349423061624e-05
inactive.Singletons,2.22315844689784e-06
inactive.Singletons,0.000212301396681427
inactive.Singletons,0.02508915841324
inactive.Singletons,0.000120911299298924
inactive.Singletons,3.58248065051182e-05
inactive.Singletons,0.00204938211278964
inactive.Singletons,0.00262283629418138
inactive.Singletons,0.00474310202922638
inactive.Singletons,0.00249765791585335
inactive.Singletons,0.00085527124405744
inactive.Singletons,0.000976214801463489
inactive.Singletons,0.000365815577374719
inactive.Singletons,0.000107109042895516
inactive.Singletons,0.00133310896135162
inactive.Singletons,0.00129883003968289
inactive.Singletons,0.00155546871776816
inactive.Singletons,0.00108469287621531
inactive.Singletons,0.000308982420676912
inactive.Singletons,1.52625269419138e-05
inactive.Singletons,0.00375756717687457
inactive.Singletons,0.000976533370745235
inactive.Singletons,0.000120805996642745
inactive.Singletons,1.05176286336297e-05
inactive.Singletons,0.0055640093711263
inactive.Singletons,0.00100222879346347
inactive.Singletons,0.0105268384950862
inactive.Singletons,0.00090187700105633
inactive.Singletons,0.00556466800137373
inactive.Singletons,0.00442334618286016
inactive.Singletons,0.00531826354232625
inactive.Singletons,0.00215510034831549
inactive.Singletons,0.000748477908298787
inactive.Singletons,0.00140439383880911
inactive.Singletons,0.00102938271151171
inactive.Singletons,0.012463519771313
inactive.Singletons,1.5791212760883e-05
inactive.Singletons,6.96575247077234e-05
inactive.Singletons,5.25618018731738e-05
inactive.Singletons,0.000153531763768154
inactive.Singletons,0.00185503259729861
inactive.Singletons,0.000124500087839761
inactive.Singletons,8.53817014494357e-06
inactive.Singletons,7.88823107885815e-05
inactive.Singletons,0.020670164928852
inactive.Singletons,0.000107038047694559
inactive.Singletons,0.00519630266708296
inactive.Singletons,0.000878870504434967
inactive.Singletons,0.000162955042519555
inactive.Singletons,0.00237663167189274
inactive.Singletons,0.000636347938478982
inactive.Singletons,3.58248065051182e-05
inactive.Singletons,0.00065418317117635
inactive.Singletons,0.000128383734092652
inactive.Singletons,0.0058213423467048
inactive.Singletons,0.0214916718688423
inactive.Singletons,0.000511743295534273
inactive.Singletons,0.00055472826076446
inactive.Singletons,0.00200020065017929
inactive.Singletons,0.000132210003423059
inactive.Singletons,0.00275447269983966
inactive.Singletons,0.00507809037730368
inactive.Singletons,0.013545261976613
inactive.Singletons,0.000525461527970227
inactive.Singletons,0.000113725661902204
inactive.Singletons,0.000470089040320796
inactive.Singletons,0.00085598381783438
inactive.Singletons,0.0018104322279762
inactive.Singletons,8.8472512343897e-06
inactive.Singletons,0.0138237086954979
inactive.Singletons,0.00375612032629408
inactive.Singletons,0.000811179864396288
inactive.Singletons,0.00519942384624964
inactive.Singletons,0.00029167145941003
inactive.Singletons,0.000728639358858038
inactive.Singletons,1.74321737254658e-05
inactive.Singletons,0.00105636264664007
inactive.Singletons,0.0149945299552792
inactive.Singletons,3.94952223075101e-05
inactive.Singletons,0.00067236458606385
inactive.Singletons,0.00262211459119349
inactive.Singletons,2.76475177277568e-05
inactive.Singletons,4.7769138661692e-05
inactive.Singletons,0.00232026999649644
inactive.Singletons,0.000107061708812876
inactive.Singletons,0.000409293535331182
inactive.Singletons,0.00147849217587483
inactive.Singletons,7.64295966020137e-05
inactive.Singletons,0.00744447635248217
inactive.Singletons,0.000540488494265515
inactive.Singletons,0.000231562650713344
inactive.Singletons,1.47587862747516e-05
inactive.Singletons,7.19046140084285e-05
inactive.Singletons,0.000183304552282443
inactive.Singletons,0.00120364860963642
inactive.Singletons,0.00543373657557032
inactive.Singletons,0.00384069833007614
inactive.Singletons,0.000238419103303162
inactive.Singletons,0.000355844158854716
inactive.Singletons,0.000205816986267023
inactive.Singletons,7.88461789536764e-05
inactive.Singletons,0.000275324939194996
inactive.Singletons,0.00867879419746895
inactive.Singletons,0.010984112762291
inactive.Singletons,0.000158227416045903
inactive.Singletons,8.12976774444781e-05
inactive.Singletons,0.00249800473892931
inactive.Singletons,0.00325821851808828
inactive.Singletons,0.00130085424780679
inactive.Singletons,0.00310350071857109
inactive.Singletons,0.000690181671319266
inactive.Singletons,7.18380529423269e-05
inactive.Singletons,0.0072818616980431
inactive.Singletons,0.00226226030264132
inactive.Singletons,0.000275541066655269
inactive.Singletons,0.000855556225351078
inactive.Singletons,0.000636902634220947
inactive.Singletons,0.000854986327046272
inactive.Singletons,0.000470603185033057
inactive.Singletons,0.000205942892755673
inactive.Singletons,0.00243560963469584
inactive.Singletons,0.000748096142031845
inactive.Singletons,0.000709411801920846
inactive.Singletons,0.000260044775508801
inactive.Singletons,0.000110406979797285
inactive.Singletons,1.16450039281347e-05
inactive.Singletons,0.00637431619561216
inactive.Singletons,0.000158094089181763
inactive.Singletons,0.00176552025231401
inactive.Singletons,0.00092650963758947
inactive.Singletons,0.000409673925968496
inactive.Singletons,2.76333179367822e-05
inactive.Singletons,0.000206320951777115
inactive.Singletons,0.000902473112470751
inactive.Singletons,0.000768296422918858
inactive.Singletons,0.000976374077392864
inactive.Singletons,0.000878141869487853
inactive.Singletons,2.50724236489342e-05
inactive.Singletons,0.0100938594243177
inactive.Singletons,9.19056724925773e-05
inactive.Singletons,0.000832397486529594
inactive.Singletons,0.000206068855827124
inactive.Singletons,0.00393653290448217
inactive.Singletons,8.65166275957511e-05
inactive.Singletons,1.862683667968e-05
inactive.Singletons,0.00712483691651271
inactive.Singletons,0.0127259138133484
inactive.Singletons,0.00696851633608562
inactive.Singletons,0.000309042102373026
inactive.Singletons,3.15008062263316e-05
inactive.Singletons,0.000252857128944925
inactive.Singletons,0.000200212669250192
inactive.Singletons,0.00452881507371723
inactive.Singletons,0.000690300506315804
inactive.Singletons,0.000555320560237417
inactive.Singletons,8.12791199039471e-05
inactive.Singletons,0.00114201392916916
inactive.Singletons,0.00140396212672651
inactive.Singletons,0.000275541066655269
inactive.Singletons,0.000117292327849142
inactive.Singletons,0.000113700708322106
inactive.Singletons,0.000445428303991448
inactive.Singletons,0.00058644166424449
inactive.Singletons,0.00333422755568686
inactive.Singletons,0.000107061708812876
inactive.Singletons,0.00102888326123286
inactive.Singletons,2.42828443878161e-05
inactive.Singletons,0.00556466800137373
inactive.Singletons,0.0046336970933543
inactive.Singletons,0.00123424489499209
inactive.Singletons,0.00159544643023677
inactive.Singletons,0.00375563811510661
inactive.Singletons,2.85701637921216e-05
inactive.Singletons,0.000445346538325972
inactive.Singletons,0.00569102809718755
inactive.Singletons,0.00126754330947718
inactive.Singletons,0.000409521739620237
inactive.Singletons,0.000336147736403839
inactive.Singletons,0.000708560805426359
inactive.Singletons,1.74415575810637e-05
inactive.Singletons,5.77798729021793e-05
inactive.Singletons,0.00185639202539545
inactive.Singletons,0.000299890242273281
inactive.Singletons,0.00140417797196916
inactive.Singletons,0.000433118764197522
inactive.Singletons,0.00325735826139593
inactive.Singletons,0.000117266689255229
inactive.Singletons,9.75677029802357e-05
inactive.Singletons,0.0109863349119558
inactive.Singletons,0.00195069298293368
inactive.Singletons,0.00275259560540384
inactive.Singletons,0.00366758062263969
inactive.Singletons,0.000317535142399332
inactive.Singletons,0.00310474189689222
inactive.Singletons,8.1242014514336e-05
inactive.Singletons,2.35108806401017e-05
inactive.Singletons,0.000275703242913928
inactive.Singletons,0.000317718518068951
inactive.Singletons,1.47628232441587e-05
inactive.Singletons,0.00543826388490126
inactive.Singletons,0.000355776744932954
inactive.Singletons,0.00180936687854106
inactive.Singletons,0.00432171755386503
inactive.Singletons,0.00288820199090121
inactive.Singletons,0.000789934828005536
inactive.Singletons,5.64688630987236e-06
inactive.Singletons,0.0010290497266745
inactive.Singletons,0.000178022645507344
inactive.Singletons,0.0187287231288053
inactive.Singletons,0.000326748801710688
inactive.Singletons,0.000366299147476067
inactive.Singletons,0.00226386034667461
inactive.Singletons,5.76976543406917e-05
inactive.Singletons,0.00744530250228694
inactive.Singletons,0.007122441585759
inactive.Singletons,0.000144684586793848
inactive.Singletons,0.000653729145883494
inactive.Singletons,0.00047051746676789
inactive.Singletons,0.00144056353531761
inactive.Singletons,2.76972623093773e-05
inactive.Singletons,0.00402787579712936
inactive.Singletons,0.000107132715860662
inactive.Singletons,0.000654069644468777
inactive.Singletons,0.00111230043977434
inactive.Singletons,0.049238593694434
inactive.Singletons,0.0036680537681464
inactive.Singletons,8.6497022458861e-05
inactive.Singletons,0.00681374024187979
inactive.Singletons,0.000117317970659996
inactive.Singletons,0.00100239162933488
inactive.Singletons,0.000206236894632108
inactive.Singletons,0.000136377877077078
inactive.Singletons,0.00760950023760399
inactive.Singletons,3.25615078019386e-05
inactive.Singletons,0.00172061257492428
inactive.Singletons,0.00130024676849429
inactive.Singletons,0.00120269976953197
inactive.Singletons,0.000409217487294346
inactive.Singletons,0.00147759119977365
inactive.Singletons,0.000926204865871303
inactive.Singletons,0.00988032427874568
inactive.Singletons,0.0088680922888047
inactive.Singletons,0.000709290188086142
inactive.Singletons,0.00519942384624964
inactive.Singletons,6.74768044260792e-05
inactive.Singletons,0.00288703127398165
inactive.Singletons,7.88281177748858e-05
inactive.Singletons,0.000300239393450385
inactive.Singletons,0.000855698740105713
inactive.Singletons,0.00310474189689222
inactive.Singletons,0.000398067156695519
inactive.Singletons,0.00105653283065956
inactive.Singletons,0.000317963137462638
inactive.Singletons,0.000636680715848471
inactive.Singletons,0.000225118056367151
inactive.Singletons,2.42449475235612e-05
inactive.Singletons,0.00412634541131915
inactive.Singletons,8.91726256561455e-05
inactive.Singletons,0.000433358302861647
inactive.Singletons,0.000252806967898504
inactive.Singletons,0.000275432987562674
inactive.Singletons,0.00795290994379236
inactive.Singletons,0.00111318926093116
inactive.Singletons,0.000144746256372584
inactive.Singletons,0.000194513418642532
inactive.Singletons,0.000194313831172531
inactive.Singletons,0.0042248583362376
inactive.Singletons,0.000355911581911443
inactive.Singletons,0.00349615639126041
inactive.Singletons,0.00255937090285067
inactive.Singletons,5.0940323521145e-05
inactive.Singletons,0.00030868413675221
inactive.Singletons,0.000194353736591777
inactive.Singletons,0.000283277148862402
inactive.Singletons,0.000194473489072715
inactive.Singletons,4.63333090828719e-05
inactive.Singletons,0.00595434072344755
inactive.Singletons,2.05906492027909e-05
inactive.Singletons,0.000398215685340465
inactive.Singletons,0.00987827319728861
inactive.Singletons,0.00531826354232625
inactive.Singletons,5.25744074137027e-05
inactive.Singletons,2.270873093537e-05
inactive.Singletons,0.0246092098439111
inactive.Singletons,0.00133414295466009
inactive.Singletons,0.000926204865871303
inactive.Singletons,0.040583843109328
inactive.Singletons,0.0100907327073757
inactive.Singletons,0.00100239162933488
inactive.Singletons,6.4889739210349e-07
inactive.Singletons,0.00195154298043033
inactive.Singletons,0.0058254374781759
inactive.Singletons,0.0166078319095451
inactive.Singletons,0.000188967184778795
inactive.Singletons,1.63196101599887e-05
inactive.Singletons,0.00349661175838665
inactive.Singletons,4.57278155908684e-06
inactive.Singletons,7.2102764333472e-06
inactive.Singletons,0.0058254374781759
inactive.Singletons,0.0127234338789188
inactive.Singletons,7.64120256785134e-05
inactive.Singletons,5.95786414432603e-05
inactive.Singletons,0.00014471541913246
inactive.Singletons,0.00288898262820651
inactive.Singletons,0.00176421594136858
inactive.Singletons,0.00147871747550233
inactive.Singletons,6.75397751619792e-05
inactive.Singletons,0.0010848668698082
inactive.Singletons,0.00085527124405744
inactive.Singletons,0.000853704995829812
inactive.Singletons,3.47068484930289e-05
inactive.Singletons,0.000291785034205832
inactive.Singletons,0.00140460972724707
inactive.Singletons,0.000525461527970227
inactive.Singletons,0.00243594946522259
inactive.Singletons,5.08668200219663e-05
inactive.Singletons,1.57697731101441e-05
inactive.Singletons,4.48291537212649e-05
inactive.Singletons,0.00249523098305244
inactive.Singletons,0.000728514952594189
inactive.Singletons,0.000365746533165169
inactive.Singletons,0.000471117725513052
inactive.Singletons,0.000103696959847406
inactive.Singletons,0.000336147736403839
inactive.Singletons,0.000167955942470043
inactive.Singletons,0.00163710336606409
inactive.Singletons,0.00341543459638731
inactive.Singletons,0.00275334634985199
inactive.Singletons,0.000140428269337258
inactive.Singletons,0.0127271538634431
inactive.Singletons,0.00366663443894816
inactive.Singletons,0.000153499290154252
inactive.Singletons,8.86505100801065e-06
inactive.Singletons,1.05176286336297e-05
inactive.Singletons,0.00237863071016027
inactive.Singletons,0.000194513418642532
inactive.Singletons,0.000183342475716458
inactive.Singletons,0.0179909713395103
inactive.Singletons,0.000570835124679936
inactive.Singletons,9.48028578381466e-05
inactive.Singletons,3.8240197079473e-05
inactive.Singletons,7.45152742333559e-06
inactive.Singletons,5.07429452435684e-06
inactive.Singletons,2.39557674655626e-06
inactive.Singletons,0.000445346538325972
inactive.Singletons,0.00232026999649644
inactive.Singletons,5.77113511625843e-05
inactive.Singletons,9.77641234839707e-05
inactive.Singletons,2.30857132497681e-06
inactive.Singletons,0.000654296711474729
inactive.Singletons,6.26607003094432e-06
inactive.Singletons,0.00432117819818733
inactive.Singletons,7.40147480981508e-05
inactive.Singletons,0.00412582560450421
inactive.Singletons,4.56860296012314e-06
inactive.Singletons,0.00190258880662571
inactive.Singletons,0.000188850405044781
inactive.Singletons,0.000420737537043765
inactive.Singletons,0.000951138869164701
inactive.Singletons,0.00117152963843664
inactive.Singletons,0.000386984320528187
inactive.Singletons,0.000690300506315804
inactive.Singletons,0.000586234776714636
inactive.Singletons,0.00582338971594521
inactive.Singletons,0.000832676043052471
inactive.Singletons,0.000128383734092652
inactive.Singletons,0.0124622988268084
inactive.Singletons,0.00432225694809209
inactive.Singletons,0.00288937299466798
inactive.Singletons,0.00147871747550233
inactive.Singletons,0.0010025544829085
inactive.Singletons,3.94854536657872e-05
inactive.Singletons,5.45384680073309e-06
inactive.Singletons,7.41686118526198e-05
inactive.Singletons,0.00163563300359566
inactive.Singletons,0.00569438060465695
inactive.Singletons,0.0326364359122349
inactive.Singletons,0.000901728014710526
inactive.Singletons,0.000433358302861647
inactive.Singletons,0.00185639202539545
inactive.Singletons,0.0063721192432343
inactive.Singletons,1.42670083279923e-05
inactive.Singletons,0.000526026979304387
inactive.Singletons,0.0384530830284426
inactive.Singletons,0.000728763779669128
inactive.Singletons,0.00176421594136858
inactive.Singletons,0.000132210003423059
inactive.Singletons,0.000902473112470751
inactive.Singletons,3.58158518781129e-05
inactive.Singletons,0.0150001296328053
inactive.Singletons,0.0003365972918565
inactive.Singletons,0.00199991148069365
inactive.Singletons,0.00867786486788225
inactive.Singletons,0.00310474189689222
inactive.Singletons,0.000238705276508924
inactive.Singletons,0.0002184890475534
inactive.Singletons,3.56080883772559e-06
inactive.Singletons,0.0028897633930025
inactive.Singletons,0.00226386034667461
inactive.Singletons,0.00215540778811291
inactive.Singletons,0.000748477908298787
inactive.Singletons,0.00144122512137487
inactive.Singletons,0.000636902634220947
inactive.Singletons,0.00393553161665036
inactive.Singletons,0.00126754330947718
inactive.Singletons,0.000525461527970227
inactive.Singletons,0.00402481651381091
inactive.Singletons,0.000409521739620237
inactive.Singletons,0.000267635226049413
inactive.Singletons,0.000178059612011727
inactive.Singletons,0.000855128777516923
inactive.Singletons,0.000586648602486313
inactive.Singletons,0.000555320560237417
inactive.Singletons,0.00155476387109487
inactive.Singletons,0.000132266986999368
inactive.Singletons,0.00318000537560492
inactive.Singletons,2.68015225994878e-05
inactive.Singletons,0.00318127108338743
inactive.Singletons,0.0100917748939548
inactive.Singletons,0.00210238653217918
inactive.Singletons,0.000497462165609979
inactive.Singletons,1.37984647180827e-05
inactive.Singletons,4.07691322984659e-05
inactive.Singletons,0.0206666373200703
inactive.Singletons,0.000200048906601626
inactive.Singletons,9.48666453309795e-05
inactive.Singletons,0.000525932707877427
inactive.Singletons,0.000387346816004788
inactive.Singletons,0.0033329128114661
inactive.Singletons,0.00795290994379236
inactive.Singletons,4.07590825693727e-05
inactive.Singletons,0.000768686909731411
inactive.Singletons,0.00102888326123286
inactive.Singletons,0.000398067156695519
inactive.Singletons,3.15087885984144e-05
inactive.Singletons,0.0153148014578959
inactive.Singletons,9.47816025705896e-05
inactive.Singletons,5.84297636459283e-06
inactive.Singletons,0.000162955042519555
inactive.Singletons,0.000206194875496048
inactive.Singletons,0.000326936758260982
inactive.Singletons,0.000586752090626033
inactive.Singletons,0.00215356356019101
inactive.Singletons,0.000570127735724948
inactive.Singletons,0.000308863082197732
inactive.Singletons,0.000308982420676912
inactive.Singletons,0.000194034662224848
inactive.Singletons,2.50724236489342e-05
inactive.Singletons,0.000103789035513707
inactive.Singletons,0.00333554260770493
inactive.Singletons,0.00744860757932814
inactive.Singletons,4.77228484006356e-05
inactive.Singletons,0.00021204292676086
inactive.Singletons,0.00412530583544444
inactive.Singletons,0.000365815577374719
inactive.Singletons,2.12598653547182e-05
inactive.Singletons,3.35798527695186e-05
inactive.Singletons,0.000855841270933229
inactive.Singletons,5.59660922405969e-05
inactive.Singletons,0.00185557629274823
inactive.Singletons,0.00531762797923184
inactive.Singletons,0.000445346538325972
inactive.Singletons,0.00105636264664007
inactive.Singletons,0.00622930144970484
inactive.Singletons,9.48666453309795e-05
inactive.Singletons,0.00144166628834081
inactive.Singletons,0.000194633243587933
inactive.Singletons,0.00623002093729224
inactive.Singletons,0.000570734031743765
inactive.Singletons,0.00432279638086851
inactive.Singletons,0.0088709269662387
inactive.Singletons,0.000162989258316934
inactive.Singletons,0.00595364618518723
inactive.Singletons,0.000397770217545906
inactive.Singletons,0.000326811445266471
inactive.Singletons,0.00728348610526843
inactive.Singletons,5.58728550241351e-05
inactive.Singletons,0.000619289491653509
inactive.Singletons,0.00795551781528095
inactive.Singletons,7.88461789536764e-05
inactive.Singletons,0.00210148291021507
inactive.Singletons,1.16482628146212e-05
inactive.Singletons,0.000654069644468777
inactive.Singletons,5.09035614954278e-05
inactive.Singletons,0.000117292327849142
inactive.Singletons,0.00317958353985008
inactive.Singletons,0.000140548440982174
inactive.Singletons,0.000950360032304433
inactive.Singletons,0.00190231128653038
inactive.Singletons,0.00341320081304087
inactive.Singletons,0.00402940594311956
inactive.Singletons,0.000224619606532013
inactive.Singletons,3.0434180405017e-05
inactive.Singletons,0.0042227400037826
inactive.Singletons,0.000470774654544736
inactive.Singletons,0.000136231587269493
inactive.Singletons,0.00317916173751441
inactive.Singletons,0.000238466781441667
inactive.Singletons,0.000768296422918858
inactive.Singletons,0.00310225983751758
inactive.Singletons,1.28979247412153e-05
inactive.Singletons,0.00849494913401069
inactive.Singletons,4.20200055922936e-05
inactive.Singletons,0.000183380404944956
inactive.Singletons,0.000925900161646924
inactive.Singletons,0.000107061708812876
inactive.Singletons,9.15910216268863e-06
inactive.Singletons,0.000387201788820006
inactive.Singletons,0.000497641973885603
inactive.Singletons,0.000636237039403328
inactive.Singletons,2.95295370626464e-05
inactive.Singletons,0.000178170545585067
inactive.Singletons,0.00195125962196784
inactive.Singletons,8.90719753501803e-05
inactive.Singletons,4.93544551507561e-05
inactive.Singletons,0.00176395515289706
inactive.Singletons,0.00349797806967572
inactive.Singletons,0.00114328611381473
inactive.Singletons,0.00262247542751253
inactive.Singletons,1.42670083279923e-05
inactive.Singletons,0.00556532667451107
inactive.Singletons,0.000408913395426527
inactive.Singletons,1.16515224357152e-05
inactive.Singletons,0.00215417819327053
inactive.Singletons,7.64647477124714e-05
inactive.Singletons,5.60060878082945e-05
inactive.Singletons,0.00795290994379236
inactive.Singletons,0.000132266986999368
inactive.Singletons,0.00123405103840036
inactive.Singletons,0.000259941979912146
inactive.Singletons,0.000387274297579595
inactive.Singletons,0.001112655911695
inactive.Singletons,0.000854986327046272
inactive.Singletons,0.00133352249577971
inactive.Singletons,0.00108364930437253
inactive.Singletons,9.46966176402572e-05
inactive.Singletons,0.000445510080259256
inactive.Singletons,0.00333554260770493
inactive.Singletons,0.000603080979474572
inactive.Singletons,2.14077553327941e-06
inactive.Singletons,0.00220808239776063
inactive.Singletons,2.67601179201833e-05
inactive.Singletons,0.000420503941541039
inactive.Singletons,0.000690657095680704
inactive.Singletons,0.000205733080035565
inactive.Singletons,0.00282041908782286
inactive.Singletons,0.000238133180548621
inactive.Singletons,0.000124608215006568
inactive.Singletons,6.14449857505103e-05
inactive.Singletons,0.000283277148862402
inactive.Singletons,0.00034632568113198
inactive.Singletons,0.000267371801631612
inactive.Singletons,0.00220933713505337
inactive.Singletons,0.00249731112237586
inactive.Singletons,0.00195182636485724
inactive.Singletons,0.000346128171736227
inactive.Singletons,0.0206631099421302
inactive.Singletons,0.000497821827761081
inactive.Singletons,0.000511467092741783
inactive.Singletons,3.70322785422569e-05
inactive.Singletons,0.00255830972491539
inactive.Singletons,0.00318042724477921
inactive.Singletons,0.00442444512650341
inactive.Singletons,0.000570228753922403
inactive.Singletons,0.000709655072503897
inactive.Singletons,0.000484078481516142
inactive.Singletons,0.000212172132841567
inactive.Singletons,0.00126754330947718
inactive.Singletons,0.00295906636165343
inactive.Singletons,0.000120937635736678
inactive.Singletons,0.000120911299298924
inactive.Singletons,0.000103766010806047
inactive.Singletons,0.00176473759202725
inactive.Singletons,0.000144777098514691
inactive.Singletons,0.000326748801710688
inactive.Singletons,2.7640417113283e-05
inactive.Singletons,0.0010025544829085
inactive.Singletons,0.000162852427120091
inactive.Singletons,0.000728514952594189
inactive.Singletons,0.000200335555943556
inactive.Singletons,0.000178133562050074
inactive.Singletons,0.000326936758260982
inactive.Singletons,0.000260096184384047
inactive.Singletons,0.000107109042895516
inactive.Singletons,0.000768686909731411
inactive.Singletons,0.000709655072503897
inactive.Singletons,0.000748350638083598
inactive.Singletons,0.00696694659951606
inactive.Singletons,0.000283498678462338
inactive.Singletons,8.92129099745598e-05
inactive.Singletons,0.000326373121516515
inactive.Singletons,1.57697731101441e-05
inactive.Singletons,0.000103927264863287
inactive.Singletons,0.00609431331154429
inactive.Singletons,0.000259993374018364
inactive.Singletons,0.0119518817969372
inactive.Singletons,0.000167955942470043
inactive.Singletons,3.25204228982079e-05
inactive.Singletons,2.12598653547182e-05
inactive.Singletons,0.00366900016648259
inactive.Singletons,0.000540584992366202
inactive.Singletons,0.00163563300359566
inactive.Singletons,0.00105517187000816
inactive.Singletons,0.00268589532450724
inactive.Singletons,0.00317831823309938
inactive.Singletons,0.00318000537560492
inactive.Singletons,0.00868065300725434
inactive.Singletons,0.00728267387794462
inactive.Singletons,3.14928254430936e-05
inactive.Singletons,0.000602339714783944
inactive.Singletons,0.000300064781218027
inactive.Singletons,0.00868065300725434
inactive.Singletons,0.000409750034191324
inactive.Singletons,0.0047413602525385
inactive.Singletons,0.000140488345562093
inactive.Singletons,0.000497192538683882
inactive.Singletons,0.0114566453708788
inactive.Singletons,0.00028338789799762
inactive.Singletons,0.000188928252284227
inactive.Singletons,0.00508054241998191
inactive.Singletons,0.00140482563728375
inactive.Singletons,0.000188578126023281
inactive.Singletons,0.00067224839068752
inactive.Singletons,0.00140417797196916
inactive.Singletons,3.94561590559353e-05
inactive.Singletons,0.00282003628818699
inactive.Singletons,0.000810907418564806
inactive.Singletons,0.00102821757929517
inactive.Singletons,0.000672016041413487
inactive.Singletons,0.00402889585709813
inactive.Singletons,0.000555814479743294
inactive.Singletons,0.000291387662184518
inactive.Singletons,5.7738752331484e-05
inactive.Singletons,0.000471031941276105
inactive.Singletons,0.000317901969915803
inactive.Singletons,0.00281774015163602
inactive.Singletons,0.000283443284313488
inactive.Singletons,0.00556532667451107
inactive.Singletons,8.27758087997521e-06
inactive.Singletons,0.00282003628818699
inactive.Singletons,0.000587062631129188
inactive.Singletons,0.00987724773471529
inactive.Singletons,0.000540488494265515
inactive.Singletons,0.00011030976582766
inactive.Singletons,0.00159496652439491
inactive.Singletons,0.000748732493111537
inactive.Singletons,6.15174306377415e-05
inactive.Singletons,0.000570936230075098
inactive.Singletons,0.000398364253372669
inactive.Singletons,0.00092650963758947
inactive.Singletons,0.000671783747439339
inactive.Singletons,0.0072818616980431
inactive.Singletons,0.00595850887809682
inactive.Singletons,0.00029167145941003
inactive.Singletons,0.000162852427120091
inactive.Singletons,3.46546509519006e-05
inactive.Singletons,0.000653502214767102
inactive.Singletons,0.00220808239776063
inactive.Singletons,0.00215540778811291
inactive.Singletons,0.00163636807881902
inactive.Singletons,0.00595572993212538
inactive.Singletons,0.000709411801920846
inactive.Singletons,2.05852003491737e-05
inactive.Singletons,9.19263581261813e-05
inactive.Singletons,0.00102888326123286
inactive.Singletons,0.000206362989787151
inactive.Singletons,0.000636680715848471
inactive.Singletons,5.42451167261463e-05
inactive.Singletons,5.59261187328734e-05
inactive.Singletons,0.00295866836751372
inactive.Singletons,0.00333554260770493
inactive.Singletons,0.0443502145047097
inactive.Singletons,0.00057103734792998
inactive.Singletons,0.00123443877162343
inactive.Singletons,0.00108469287621531
inactive.Singletons,7.64999111765416e-05
inactive.Singletons,0.00795377918544517
inactive.Singletons,4.93187137524898e-05
inactive.Singletons,0.000387201788820006
inactive.Singletons,0.000245563294268909
inactive.Singletons,0.00176578118822518
inactive.Singletons,0.000728763779669128
inactive.Singletons,4.19890321620475e-05
inactive.Singletons,6.54371527615324e-05
inactive.Singletons,0.000245416599519487
inactive.Singletons,5.5979421644989e-05
inactive.Singletons,0.000366091847290098
inactive.Singletons,0.000768947309485391
inactive.Singletons,0.00172137906332321
inactive.Singletons,0.0420554052241784
inactive.Singletons,0.000570936230075098
inactive.Singletons,0.00111230043977434
inactive.Singletons,7.45152742333559e-06
inactive.Singletons,0.00190369914312818
inactive.Singletons,0.00120288949807603
inactive.Singletons,0.00349615639126041
inactive.Singletons,0.00172035712725448
inactive.Singletons,0.000525461527970227
inactive.Singletons,0.000366022765848362
inactive.Singletons,0.0153105378329098
inactive.Singletons,0.000167885700087731
inactive.Singletons,6.9641340411692e-05
inactive.Singletons,4.07791839597743e-05
inactive.Singletons,0.00237729790256783
inactive.Singletons,9.77422842034015e-05
inactive.Singletons,0.00595850887809682
inactive.Singletons,3.94854536657872e-05
inactive.Singletons,0.00295866836751372
inactive.Singletons,0.000975737078205818
inactive.Singletons,0.00262139300960306
inactive.Singletons,0.000252606396125486
inactive.Singletons,0.000409369593397324
inactive.Singletons,0.00190286635233254
inactive.Singletons,0.00696694659951606
inactive.Singletons,0.0010290497266745
inactive.Singletons,0.000483990672992858
inactive.Singletons,0.000212129057731047
inactive.Singletons,0.00102871681377485
inactive.Singletons,0.0227791866034795
inactive.Singletons,0.00412270755647146
inactive.Singletons,0.000387274297579595
inactive.Singletons,0.00031777966021959
inactive.Singletons,0.0105289907383446
inactive.Singletons,0.00021866586519015
inactive.Singletons,0.000345667630238463
inactive.Singletons,0.000188694781549929
inactive.Singletons,0.00637138701616717
inactive.Singletons,0.00268736740730326
inactive.Singletons,0.00052564996449045
inactive.Singletons,0.00262211459119349
inactive.Singletons,0.00474368270172799
inactive.Singletons,0.00237663167189274
inactive.Singletons,0.00199933322067001
inactive.Singletons,4.07791839597743e-05
inactive.Singletons,0.00831011361628058
inactive.Singletons,0.00163489814037586
inactive.Singletons,7.88100597547291e-05
inactive.Singletons,0.000103812064082767
inactive.Singletons,0.00288937299466798
inactive.Singletons,0.00102954923090878
inactive.Singletons,0.000124527113026737
inactive.Singletons,0.00295747457863321
inactive.Singletons,0.000252355844293841
inactive.Singletons,0.00117282938115041
inactive.Singletons,0.0001492204660802
inactive.Singletons,0.0166108473662853
inactive.Singletons,1.01559802000213e-05
inactive.Singletons,0.000420971224482509
inactive.Singletons,1.42670083279923e-05
inactive.Singletons,2.42765249911636e-05
inactive.Singletons,0.00696694659951606
inactive.Singletons,0.000162886626921628
inactive.Singletons,0.00366852694942732
inactive.Singletons,1.24274211700859e-05
inactive.Singletons,0.000183380404944956
inactive.Singletons,0.000308863082197732
inactive.Singletons,0.000709411801920846
inactive.Singletons,0.0071216432362916
inactive.Singletons,0.00163587800511327
inactive.Singletons,0.000100834923225373
inactive.Singletons,0.0105300669394501
inactive.Singletons,0.000445101304936632
inactive.Singletons,0.000833372711020587
inactive.Singletons,7.64999111765416e-05
inactive.Singletons,0.000158294110809334
inactive.Singletons,0.00531635697936719
inactive.Singletons,0.000326811445266471
inactive.Singletons,0.000878724744772508
inactive.Singletons,0.000540488494265515
inactive.Singletons,0.00120288949807603
inactive.Singletons,0.000540488494265515
inactive.Singletons,0.00358140209862251
inactive.Singletons,0.000811316110640021
inactive.Singletons,0.000167920818555835
inactive.Singletons,0.00163636807881902
inactive.Singletons,3.56191792416304e-06
inactive.Singletons,0.00111283367592563
inactive.Singletons,0.000445101304936632
inactive.Singletons,3.46372654470772e-05
inactive.Singletons,7.88461789536764e-05
inactive.Singletons,0.000113750619607119
inactive.Singletons,9.78078131345678e-05
inactive.Singletons,0.00155476387109487
inactive.Singletons,9.1967739997941e-05
inactive.Singletons,6.54371527615324e-05
inactive.Singletons,0.00303151182341519
inactive.Singletons,0.00085527124405744
inactive.Singletons,0.000748732493111537
inactive.Singletons,0.000218533242136985
inactive.Singletons,0.000212430718295272
inactive.Singletons,9.4845379217952e-05
inactive.Singletons,0.00029184183358596
inactive.Singletons,0.0105279145902227
inactive.Singletons,3.36052167416007e-05
inactive.Singletons,0.00021221521436977
inactive.Singletons,0.00123482658500789
inactive.Singletons,0.0183614756726138
inactive.Singletons,0.000200335555943556
inactive.Singletons,0.00946032806518352
inactive.Singletons,0.000709655072503897
inactive.Singletons,0.00412478610413978
inactive.Singletons,0.000602869125052754
inactive.Singletons,4.77344177006826e-05
inactive.Singletons,0.000855413726668572
inactive.Singletons,2.5098453502493e-05
inactive.Singletons,0.00136927546966275
inactive.Singletons,3.95049928355328e-05
inactive.Singletons,0.000689944043509375
inactive.Singletons,0.000131925361236192
inactive.Singletons,2.85847931978397e-05
inactive.Singletons,0.000366091847290098
inactive.Singletons,0.000110334063266179
inactive.Singletons,0.000124365027932285
inactive.Singletons,0.000178059612011727
inactive.Singletons,0.00111230043977434
inactive.Singletons,0.0056923689703395
inactive.Singletons,0.0190957209336977
inactive.Singletons,0.000100790043452575
inactive.Singletons,2.35170202294335e-05
inactive.Singletons,0.000356113905897941
inactive.Singletons,0.000925900161646924
inactive.Singletons,7.17549179811263e-05
inactive.Singletons,0.00358140209862251
inactive.Singletons,8.91726256561455e-05
inactive.Singletons,1.37946665611361e-05
inactive.Singletons,0.00812710660098406
inactive.Singletons,0.000976055542956356
inactive.Singletons,8.62815889946711e-05
inactive.Singletons,0.00728267387794462
inactive.Singletons,0.00034619399923521
inactive.Singletons,0.00358372355905712
inactive.Singletons,8.38783900792054e-05
inactive.Singletons,7.19046140084285e-05
inactive.Singletons,0.0246131974679721
inactive.Singletons,0.000729012664936029
inactive.Singletons,0.00067236458606385
inactive.Singletons,0.00126714695996238
inactive.Singletons,7.18047901103626e-05
inactive.Singletons,0.00163563300359566
inactive.Singletons,0.000636680715848471
inactive.Singletons,0.00333685796752729
inactive.Singletons,0.000974941221166029
inactive.Singletons,0.00012088496717109
inactive.Singletons,0.000672132209137645
inactive.Singletons,0.000525461527970227
inactive.Singletons,0.000252606396125486
inactive.Singletons,0.00100174039205502
inactive.Singletons,0.00163636807881902
inactive.Singletons,0.000484078481516142
inactive.Singletons,0.00375563811510661
inactive.Singletons,0.000951138869164701
inactive.Singletons,0.000206236894632108
inactive.Singletons,0.000259993374018364
inactive.Singletons,0.007122441585759
inactive.Singletons,0.00117301513643851
inactive.Singletons,0.000162955042519555
inactive.Singletons,0.000902026004004496
inactive.Singletons,0.00609360616421923
inactive.Singletons,0.000355641944491725
inactive.Singletons,0.000602339714783944
inactive.Singletons,0.000555024355427686
inactive.Singletons,3.82212165189905e-05
inactive.Singletons,0.00226482071051105
inactive.Singletons,0.00728511070217969
inactive.Singletons,7.64647477124714e-05
inactive.Singletons,0.000483288607793309
inactive.Singletons,0.0042227400037826
inactive.Singletons,2.42828443878161e-05
inactive.Singletons,0.000483902875665291
inactive.Singletons,1.68193833991743e-05
inactive.Singletons,0.000206236894632108
inactive.Singletons,0.000365815577374719
inactive.Singletons,0.000177837898112828
inactive.Singletons,0.000308743776931784
inactive.Singletons,0.000525555740323705
inactive.Singletons,0.000690775986929919
inactive.Singletons,0.00205085765917137
inactive.Singletons,0.00744530250228694
inactive.Singletons,0.000386984320528187
inactive.Singletons,0.00452881507371723
inactive.Singletons,7.19046140084285e-05
inactive.Singletons,0.00108312776894831
inactive.Singletons,0.000120674465253255
inactive.Singletons,0.000188578126023281
inactive.Singletons,3.82307058789219e-05
inactive.Singletons,0.00237796424865564
inactive.Singletons,3.04884042687604e-05
inactive.Singletons,0.0105322195006062
inactive.Singletons,0.00185448900289529
inactive.Singletons,0.000950671515612087
inactive.Singletons,0.000132323988963777
inactive.Singletons,0.000748987137105789
inactive.Singletons,0.0028897633930025
inactive.Singletons,0.00696773144445551
inactive.Singletons,0.000950360032304433
inactive.Singletons,0.000167710189421226
inactive.Singletons,0.000409217487294346
inactive.Singletons,0.000167815479487828
inactive.Singletons,0.0114623795927318
inactive.Singletons,0.00014471541913246
inactive.Singletons,0.000831562196303229
inactive.Singletons,3.46807420282346e-05
inactive.Singletons,0.000163057705910999
inactive.Singletons,1.38022637141086e-05
inactive.Singletons,7.88100597547291e-05
inactive.Singletons,0.00226386034667461
inactive.Singletons,0.000975418683135219
inactive.Singletons,0.0124647407708473
inactive.Singletons,0.000317657384382448
inactive.Singletons,0.000189006123190626
inactive.Singletons,0.00190147887990717
inactive.Singletons,0.000336661549249747
inactive.Singletons,5.09035614954278e-05
inactive.Singletons,0.00393503102817652
inactive.Singletons,0.00220776878282014
inactive.Singletons,0.000124500087839761
inactive.Singletons,0.00215417819327053
inactive.Singletons,8.14276707154649e-05
inactive.Singletons,1.74415575810637e-05
inactive.Singletons,0.00151664539384266
inactive.Singletons,0.000728763779669128
inactive.Singletons,0.00349615639126041
inactive.Singletons,5.25365978081064e-05
inactive.Singletons,0.00543826388490126
inactive.Singletons,0.0183582341193079
inactive.Singletons,0.00176499845421569
inactive.Singletons,0.000238514466537722
inactive.Singletons,0.000117241054877827
inactive.Singletons,0.0210756373731665
inactive.Singletons,0.000376614649248338
inactive.Singletons,3.92321302598411e-05
inactive.Singletons,0.00262283629418138
inactive.Singletons,0.00140568949343194
inactive.Singletons,0.000100812481449221
inactive.Singletons,0.0086741480516022
inactive.Singletons,0.0141098980561252
active.Singletons,0.0894211984202865
active.Singletons,0.64107069944502
active.Singletons,0.0149755737059671
active.Singletons,0.0387181610827239
active.Singletons,0.213228393164211
active.Singletons,0.0272373556630393
active.Singletons,0.326365249086929
active.Singletons,0.0140931124481778
active.Singletons,0.0900707061881342
active.Singletons,0.544395448903451
active.Singletons,0.190455372819404
active.Singletons,0.0208072307501104
active.Singletons,0.373719765201047
active.Singletons,0.0349991571596188
active.Singletons,0.00907368682670468
active.Singletons,0.00812591059385122
active.Singletons,0.0187905958042162
active.Singletons,0.213677353343914
active.Singletons,0.00301995636442893
active.Singletons,0.329966417292074
active.Singletons,0.0110350896747471
active.Singletons,0.262957489875986
active.Singletons,0.00230117129884295
active.Singletons,0.0477102941390855
active.Singletons,0.0924382046964924
active.Singletons,0.00644386532628462
active.Singletons,0.0703394012147655
active.Singletons,0.00598734909984287
active.Singletons,0.559476241500633
active.Singletons,0.063620274318024
active.Singletons,0.0348484192885221
active.Singletons,0.0863777462409716
active.Singletons,0.0508006637718494
active.Singletons,0.26071034300238
active.Singletons,0.228769457724685
active.Singletons,0.501012397992534
active.Singletons,0.0175543962625699
active.Singletons,0.112380069604112
active.Singletons,0.188293647205836
active.Singletons,0.0879891130672121
active.Singletons,0.465059797301874
active.Singletons,0.322063945718669
active.Singletons,0.0110198829089099
active.Singletons,0.129199478104632
active.Singletons,0.174685707579467
active.Singletons,0.0176580668776332
active.Singletons,0.438279204287947
active.Singletons,0.147217177495896
active.Singletons,0.134942132489107
active.Singletons,0.0610839018532588
active.Singletons,0.0175768445201425
active.Singletons,0.0211392478988466
active.Singletons,0.333900255614429
active.Singletons,0.0242928993753122
active.Singletons,0.0131376274645171
active.Singletons,0.0337315248406105
active.Singletons,0.0161343266956897
active.Singletons,0.000970427908876479
active.Singletons,0.0143407969393779
active.Singletons,0.115594848129547
active.Singletons,0.139767131150052
active.Singletons,0.39239646771241
active.Singletons,0.123218219762263
active.Singletons,0.51274505833123
active.Singletons,0.150037049421705
active.Singletons,0.108239621436481
active.Singletons,0.000497806914958687
active.Singletons,0.103594279409519
active.Singletons,0.081699596690873
active.Singletons,0.031435518840681
active.Singletons,0.0727006610375609
active.Singletons,0.0106787986573187
active.Singletons,0.110347568948991
active.Singletons,0.634131792569821
active.Singletons,0.129639503339755
active.Singletons,0.0143243643492464
active.Singletons,0.0453981821407253
active.Singletons,0.038077638748373
active.Singletons,0.152737958512991
active.Singletons,0.0712209549170301
active.Singletons,0.107662495686241
active.Singletons,0.0769977972037854
active.Singletons,0.0598088038799792
active.Singletons,0.0740314794324531
active.Singletons,0.0846860933999564
active.Singletons,0.0408211736141533
active.Singletons,0.0795256002681771
active.Singletons,0.140766433998563
active.Singletons,0.0777769058413623
active.Singletons,0.0236986304798786
active.Singletons,0.283700562058505
active.Singletons,0.402840443976599
active.Singletons,0.0117306177901955
active.Singletons,0.014454318128784
active.Singletons,0.0850005637326827
active.Singletons,0.0179085945706401
active.Singletons,0.36236942871504
active.Singletons,0.0668010725218655
active.Singletons,0.00805938979901783
active.Singletons,0.0139088722484111
active.Singletons,0.548636378842686
active.Singletons,0.00975492810732714
active.Singletons,0.0455432743544328
active.Singletons,0.0203104167569746
active.Singletons,0.0601235197574834
active.Singletons,0.00934780502865592
active.Singletons,0.00745958556722045
active.Singletons,0.227571586724274
active.Singletons,0.15127599514092
active.Singletons,0.098713909593345
active.Singletons,0.27577807250361
active.Singletons,0.56335289318893
active.Singletons,0.00991695261707372
active.Singletons,0.0799086230437183
active.Singletons,0.00105779844482671
active.Singletons,0.275913168338825
active.Singletons,0.024469391711657
active.Singletons,0.0352944319352246
active.Singletons,0.0352944402030697
active.Singletons,0.178465486954654
active.Singletons,0.0653806370770188
active.Singletons,0.0573953725887252
active.Singletons,0.0196435504962936
active.Singletons,0.0453056291272124
active.Singletons,0.0212603939153167
active.Singletons,0.0355062485783365
active.Singletons,0.0931846743529203
active.Singletons,0.13020307700477
active.Singletons,0.00159089316931565
active.Singletons,0.337397901787725
active.Singletons,0.0464908170456726
active.Singletons,0.0321881037561552
active.Singletons,0.00207149927899074
active.Singletons,0.0649990877095086
active.Singletons,0.112058599905001
active.Singletons,0.0192881923827927
active.Singletons,0.225351881530135
active.Singletons,0.0271271506015457
active.Singletons,0.0714477181756841
active.Singletons,0.0162690349271316
active.Singletons,0.00798032583504576
active.Singletons,0.375205476190329
active.Singletons,0.000583175228281857
active.Singletons,0.059049442517505
active.Singletons,0.257173495260831
active.Singletons,0.0426651164032661
active.Singletons,0.295338007060612
active.Singletons,0.016671759238899
active.Singletons,0.183860447813503
active.Singletons,0.0893590610221511
active.Singletons,0.446449886455521
active.Singletons,0.0474180589809936
active.Singletons,0.020254259429796
active.Singletons,0.00341699445785355
active.Singletons,0.487220159603292
active.Singletons,0.277276410200112
active.Singletons,0.215879859140994
active.Singletons,0.345530503159423
active.Singletons,0.0753877781398041
active.Singletons,0.180566307377392
active.Singletons,0.034142587054149
active.Singletons,0.215956666660679
active.Singletons,0.0428585909206597
active.Singletons,0.00478325179341368
active.Singletons,0.0212821747271518
active.Singletons,0.00938831107550309
active.Singletons,0.271586755177138
active.Singletons,0.125743620625384
active.Singletons,0.719617569128394
active.Singletons,0.08627093011045
active.Singletons,0.216873219587016
active.Singletons,0.459181974619522
active.Singletons,0.127725433976581
active.Singletons,0.00499944316558168
active.Singletons,0.0608833215614572
active.Singletons,0.207719052018051
active.Singletons,0.291847225632424
active.Singletons,0.0890699924725685
active.Singletons,0.0130526628110364
active.Singletons,0.0198288175229815
active.Singletons,0.011949211280857
active.Singletons,0.0856002886234236
active.Singletons,0.00831805765708522
active.Singletons,0.0145440869552564
active.Singletons,0.552289605893647
active.Singletons,0.950850072926119
active.Singletons,0.15268816811765
active.Singletons,0.216709628944751
active.Singletons,0.673264929343262
active.Singletons,0.322211980796135
active.Singletons,0.0479498243928757
active.Singletons,0.0393176410133355
active.Singletons,0.0106515510403302
active.Singletons,0.149746326654196
active.Singletons,0.361820182593218
active.Singletons,0.037647494757854
active.Singletons,0.0752066084977291
active.Singletons,0.305666136252193
active.Singletons,0.0759837083689673
active.Singletons,0.0597736184965798
active.Singletons,0.19568114216833
active.Singletons,0.204645971369573
active.Singletons,0.159561911133807
active.Singletons,0.0493020780284792
active.Singletons,0.243060679903339
active.Singletons,0.0446760099970235
active.Singletons,0.153503472987909
active.Singletons,0.160586524495724
active.Singletons,0.0488835258622626
active.Singletons,0.104297588096849
active.Singletons,0.00654968544336
active.Singletons,0.049596384503518
active.Singletons,0.031177750598197
active.Singletons,0.0100503142215004
active.Singletons,0.108486136258653
active.Singletons,0.0342773955487661
active.Singletons,0.00447328141365516
active.Singletons,0.0822918633906636
active.Singletons,0.45336004803393
active.Singletons,0.158495936554109
active.Singletons,0.0243818519320945
active.Singletons,0.044965359531163
active.Singletons,0.0138528857646356
active.Singletons,0.138458033378107
active.Singletons,0.233121870889451
active.Singletons,0.0333619124729954
active.Singletons,0.00897733623101453
active.Singletons,0.0196730110437377
active.Singletons,0.112810061547015
active.Singletons,0.0715275848875495
active.Singletons,0.0948292366425404
active.Singletons,0.0433407153664241
active.Singletons,0.0713884311318042
active.Singletons,0.414450584552652
active.Singletons,0.276805869460773
active.Singletons,0.0230995365495905
active.Singletons,0.0151146969669845
active.Singletons,0.273521540214102
active.Singletons,0.119334471800179
active.Singletons,0.27486180088173
active.Singletons,0.00915848432268719
active.Singletons,0.0533417394597202
active.Singletons,0.0605762754128294
active.Singletons,0.236986208544799
active.Singletons,0.0518809439212223
active.Singletons,0.0166004803658387
active.Singletons,0.0431918716810985
active.Singletons,0.0286171127422599
active.Singletons,0.06838532955355
active.Singletons,0.0173492758475441
active.Singletons,0.103238194719324
active.Singletons,0.0101703598435394
active.Singletons,0.324195811617364
active.Singletons,0.0597062496613158
active.Singletons,0.0150703313424531
active.Singletons,0.0514946932195121
active.Singletons,0.0778200811012844
active.Singletons,0.00697668371505848
active.Singletons,0.214712791845368
active.Singletons,0.16065513606612
active.Singletons,0.263884214522866
active.Singletons,0.0904360880609722
active.Singletons,0.141594291097258
active.Singletons,0.0515547340199385
active.Singletons,0.199921261591319
active.Singletons,0.231668766300479
active.Singletons,0.6674090707546
active.Singletons,0.150290427507808
active.Singletons,0.0508808430069822
active.Singletons,0.0325030344508151
active.Singletons,0.138241700234249
active.Singletons,0.307455658802525
active.Singletons,0.162287778610681
active.Singletons,0.0141937310760463
active.Singletons,0.00871968275321263
active.Singletons,0.016421697857638
active.Singletons,0.0945956713968325
active.Singletons,0.0613299836476683
active.Singletons,0.485550741025042
active.Singletons,0.0492333346844686
active.Singletons,0.0228739643645671
active.Singletons,0.10597562100002
active.Singletons,0.114573981559579
active.Singletons,0.378516727828391
active.Singletons,0.591809994094342
active.Singletons,0.0851601154673643
active.Singletons,0.533954433489108
active.Singletons,0.0592433436601791
active.Singletons,0.0136295514045521
active.Singletons,0.0312803866816933
active.Singletons,0.0225003105465705
active.Singletons,0.00969926451511934
active.Singletons,0.107309122734211
active.Singletons,0.135207617676237
active.Singletons,0.00792526481557379
active.Singletons,0.0754958550231683
active.Singletons,0.0896566232334071
active.Singletons,0.0292314249819849
active.Singletons,0.00227844272906325
active.Singletons,0.205400815738127
active.Singletons,0.0812670795130013
active.Singletons,0.047737252485691
active.Singletons,0.0271638521195234
active.Singletons,0.135856394042836
active.Singletons,0.00246489457235905
active.Singletons,0.0290072750059849
active.Singletons,0.000578337051929273
active.Singletons,0.306148227992444
active.Singletons,0.00965940715907293
active.Singletons,0.0158798502153728
active.Singletons,0.0137677215480784
active.Singletons,0.171508242080172
active.Singletons,0.032481269331751
active.Singletons,0.532557043593618
active.Singletons,0.0678783745249405
active.Singletons,0.0583260053986187
active.Singletons,0.138735230179611
active.Singletons,0.000640613785708614
active.Singletons,0.00255254656945655
active.Singletons,0.0415690876079742
active.Singletons,0.0100618828605949
active.Singletons,0.0326377697164029
active.Singletons,0.0147798244056479
active.Singletons,0.0677782830279821
active.Singletons,0.196174526611254
active.Singletons,0.160730268533705
active.Singletons,0.0621414439413017
active.Singletons,0.222191771528712
active.Singletons,0.0852322886448222
active.Singletons,0.282573137980934
active.Singletons,0.0378752085047296
active.Singletons,0.64113726155523
active.Singletons,0.257505858622955
active.Singletons,0.146939607165682
active.Singletons,0.0947389670130983
active.Singletons,0.205809462855253
active.Singletons,0.0258014017072895
active.Singletons,0.0528376259601189
active.Singletons,0.112589349198884
active.Singletons,0.010839659490378
active.Singletons,0.46701066570898
active.Singletons,0.821408784925203
active.Singletons,0.0742623249632799
active.Singletons,0.117887496519744
active.Singletons,0.0387908960046541
active.Singletons,0.205357510850763
active.Singletons,0.156551280861623
active.Singletons,0.216721524276621
active.Singletons,0.432579092976081
active.Singletons,0.0384270501478892
active.Singletons,0.0516925586223207
active.Singletons,0.137685847929642
active.Singletons,0.0405696374412271
active.Singletons,0.479182635427029
active.Singletons,0.0858891029912201
active.Singletons,0.183613182858967
active.Singletons,0.0674408022948
active.Singletons,0.38689574094333
active.Singletons,0.536314012663477
active.Singletons,0.119665565383379
active.Singletons,0.0439469531431455
active.Singletons,0.146198023696447
active.Singletons,0.00326932930707247
active.Singletons,0.171624583637327
active.Singletons,0.458309634595931
active.Singletons,0.653063853883853
active.Singletons,0.036960620959767
active.Singletons,0.0198567463104201
active.Singletons,0.152482322853945
active.Singletons,0.34202863654376
active.Singletons,0.0163249956252918
active.Singletons,0.0415859100056771
active.Singletons,0.236755627049926
active.Singletons,0.299507297888875
active.Singletons,0.00618356383286849
active.Singletons,0.745096789591864
active.Singletons,0.0663304454569708
active.Singletons,0.0684789264233591
active.Singletons,0.292459457709223
active.Singletons,0.231097289722202
active.Singletons,0.166227593999332
active.Singletons,0.121017615796845
active.Singletons,0.000821393285882659
active.Singletons,0.037560463698548
active.Singletons,0.0820093929641333
active.Singletons,0.0704687189073422
active.Singletons,0.0650061796292305
active.Singletons,0.00302429473548131
active.Singletons,0.554293909099843
active.Singletons,0.113451817707827
active.Singletons,0.636525038208533
active.Singletons,0.000338376498745288
active.Singletons,0.102888032841637
active.Singletons,0.0150717110826958
active.Singletons,0.114311503435166
active.Singletons,0.0821020913730123
active.Singletons,0.183946458074385
active.Singletons,0.105946601658912
active.Singletons,0.00549242890271603
active.Singletons,0.0464444262977006
active.Singletons,0.00050312270080912
active.Singletons,0.048372754921636
active.Singletons,0.00324098278874564
active.Singletons,0.0312296794695947
active.Singletons,0.0944034857357132
active.Singletons,0.271609398471051
active.Singletons,0.00491252648966865
active.Singletons,0.117302334092964
active.Singletons,0.249060631004685
active.Singletons,0.091828334741596
active.Singletons,0.122855034388864
active.Singletons,0.00493297061524472
active.Singletons,0.0219843879005097
active.Singletons,0.0044672569860418
active.Singletons,0.0332219419225899
active.Singletons,0.224548296208647
active.Singletons,0.205231294588546
active.Singletons,0.00634142186165119
active.Singletons,0.154427037693514
active.Singletons,0.0226144017152756
active.Singletons,0.0359009506264382
active.Singletons,0.0652448400819968
active.Singletons,0.00728627842871903
active.Singletons,0.0191903764137738
active.Singletons,0.0379825418508946
active.Singletons,0.0856694905432488
active.Singletons,0.154219540515453
active.Singletons,0.00778311128996494
active.Singletons,0.0705598586773727
active.Singletons,0.00882957219764786
active.Singletons,0.0307172480725145
active.Singletons,0.0144603237882135
active.Singletons,0.0471256375212279
active.Singletons,0.0337200604522976
active.Singletons,0.925965906204268
active.Singletons,0.0308610217634526
active.Singletons,0.00952140900343181
active.Singletons,0.29518204610776
active.Singletons,0.0387054157052109
active.Singletons,0.000326837094876223
active.Singletons,0.156534458621846
active.Singletons,0.596177042051153
active.Singletons,0.00225167972524265
active.Singletons,0.00622024775079583
active.Singletons,0.030694152786973
active.Singletons,0.16750714303279
active.Singletons,0.137147606023297
active.Singletons,0.0174581843020065
active.Singletons,0.117256153335781
active.Singletons,0.0149283568407157
active.Singletons,0.295511838217674
active.Singletons,0.0134551041975675
active.Singletons,0.00198381262136274
active.Singletons,0.10516356727286
active.Singletons,0.00548986537312474
active.Singletons,0.000862182230390016
active.Singletons,0.373838408148792
active.Singletons,0.104239481199533
active.Singletons,0.02703175988792
active.Singletons,0.0163516439844225
active.Singletons,0.713879276766898
active.Singletons,0.131520779061372
active.Singletons,0.0645447479983792
active.Singletons,0.0983243890095292
active.Singletons,0.0581579360786863
active.Singletons,0.204297151019448
active.Singletons,0.0242440526975991
active.Singletons,0.0131092222693267
active.Singletons,0.187750504146147
active.Singletons,0.0152320014448789
active.Singletons,0.00862390943968788
active.Singletons,0.133367397675941
active.Singletons,0.325325648868582
active.Singletons,0.100427665614541
active.Singletons,0.259849014924505
active.Singletons,0.0312938344633626
active.Singletons,0.222223861572176
active.Singletons,0.0582209019114179
active.Singletons,0.143416006177719
active.Singletons,0.0380617375346746
active.Singletons,0.0676036299158075
active.Singletons,0.154245789778643
active.Singletons,0.149576617376021
active.Singletons,0.166006417677399
active.Singletons,0.705940901018702
active.Singletons,0.00901804218974783
active.Singletons,0.0452260872164764
active.Singletons,0.750414050643009
active.Singletons,0.333890598488819
active.Singletons,0.263108359912797
active.Singletons,0.0278310906363402
active.Singletons,0.0988605561360529
active.Singletons,0.838855047669957
active.Singletons,0.00486069750599468
active.Singletons,0.0200036970161295
active.Singletons,0.0866510169635803
active.Singletons,0.0380601453838112
active.Singletons,0.330144877047347
active.Singletons,0.25975347056872
active.Singletons,0.37256823541631
active.Singletons,0.103366385525273
active.Singletons,0.0425250514801201
active.Singletons,0.670998745979241
active.Singletons,0.0731805929788359
active.Singletons,0.0193094906841478
active.Singletons,0.0584629393225782
active.Singletons,0.215663300031796
active.Singletons,0.0120654770203399
active.Singletons,0.0585848142753111
active.Singletons,0.0417100877799479
active.Singletons,0.0845124905664393
active.Singletons,0.00960093010429223
active.Singletons,0.0928205512165077
active.Singletons,0.0652718472904937
active.Singletons,0.194384134751402
active.Singletons,0.0560871466326712
active.Singletons,0.0664711232752968
active.Singletons,0.195130629745215
active.Singletons,0.258630947747446
active.Singletons,0.11540052866376
active.Singletons,0.0460496245171918
active.Singletons,0.227053562705733
active.Singletons,0.138223873617254
active.Singletons,0.0947694771544551
active.Singletons,0.077683102854711
active.Singletons,0.0887047251502369
active.Singletons,0.0639405927800374
active.Singletons,0.0301185690213664
active.Singletons,0.0163578481041761
active.Singletons,0.0562428564625581
active.Singletons,0.0884167725719503
active.Singletons,0.210655802285662
active.Singletons,0.167827154454161
active.Singletons,0.00597642142786956
active.Singletons,0.0404314044922653
active.Singletons,0.257372903803163
active.Singletons,0.225141487716672
active.Singletons,0.119469562929007
active.Singletons,0.034859983340163
active.Singletons,0.0118146470112519
active.Singletons,0.0500952701879625
active.Singletons,0.120056880097954
active.Singletons,0.0611873941332744
active.Singletons,0.0971217122902042
active.Singletons,0.00589266793247162
active.Singletons,0.00476627262065784
active.Singletons,0.0860870127113976
active.Singletons,0.0206447877518366
active.Singletons,0.0102180991107456
active.Singletons,0.444215258846079
active.Singletons,0.00989737060844428
active.Singletons,0.54406961426845
active.Singletons,0.286319606751013
active.Singletons,0.0215909344299232
active.Singletons,0.0073952252932204
active.Singletons,0.299397753112224
active.Singletons,0.13447519938875
active.Singletons,0.00671548637074366
active.Singletons,0.727290318049184
active.Singletons,0.0101334506401001
active.Singletons,0.12152358833204
active.Singletons,0.397738920054455
active.Singletons,0.328209128645076
active.Singletons,0.0304700762001222
active.Singletons,0.104250542852286
active.Singletons,0.0728499323117505
active.Singletons,0.00659671599246388
active.Singletons,0.629050296970717
active.Singletons,0.0469780672542971
active.Singletons,0.0585569907447396
active.Singletons,0.0343018134754663
active.Singletons,0.479624616645456
active.Singletons,0.268332876527645
active.Singletons,0.513210999941051
active.Singletons,0.0115668201637711
active.Singletons,0.237337838956407
active.Singletons,0.242646783353858
active.Singletons,0.0387940510618716
active.Singletons,0.215088890349699
active.Singletons,0.300964911411394
active.Singletons,0.0871423202287466
active.Singletons,0.00523276502294865
active.Singletons,0.0936902382136513
active.Singletons,0.00710285316757809
active.Singletons,0.00746665143297616
active.Singletons,0.300971520236921
active.Singletons,0.067037008027498
active.Singletons,0.0208661855529269
active.Singletons,0.299874344837829
active.Singletons,0.052579040138198
active.Singletons,0.0323539011984023
active.Singletons,0.707769174859449
active.Singletons,0.228453652644104
active.Singletons,0.0920399026402399
active.Singletons,0.0574335383133887
active.Singletons,0.000650366637063832
active.Singletons,0.214189668380088
active.Singletons,0.0978486682027705
active.Singletons,0.0814053370208575
active.Singletons,0.0731941182225243
active.Singletons,0.153742663534632
active.Singletons,0.089192573434544
active.Singletons,0.993900297197047
active.Singletons,0.19631171195238
active.Singletons,0.0837541373839188
active.Singletons,0.159403449267185
active.Singletons,0.154727189503675
active.Singletons,0.00585621771058745
active.Singletons,0.013759662245086
active.Singletons,0.00253330481683432
active.Singletons,0.0762945198085926
active.Singletons,0.0712601142465933
active.Singletons,0.315638988963923
active.Singletons,0.0729896542632357
active.Singletons,0.121419264230105
active.Singletons,0.00233909447034712
active.Singletons,0.02703175988792
active.Singletons,0.0269597343507331
active.Singletons,0.247886448891237
active.Singletons,0.20230208057945
active.Singletons,0.033413766084187
active.Singletons,0.0604891452066511
active.Singletons,0.103058876599357
active.Singletons,0.0379683205217579
active.Singletons,0.0328809194015391
active.Singletons,0.063318447908629
active.Singletons,0.0350150710368646
active.Singletons,0.0220314244982103
active.Singletons,0.231384238649553
active.Singletons,0.0665063221071003
active.Singletons,0.114343695493072
active.Singletons,0.105057012358721
active.Singletons,0.107354982989934
active.Singletons,0.0177929778886957
active.Singletons,0.115746706381632
active.Singletons,0.0136661980041811
active.Singletons,0.0234054623523561
active.Singletons,0.0314779718509511
active.Singletons,0.0268744505964718
active.Singletons,0.0228076979499495
active.Singletons,0.0869776917741325
active.Singletons,0.0271255481419102
active.Singletons,0.51168380804939
active.Singletons,0.0386605888338861
active.Singletons,0.00863470782420996
active.Singletons,0.145149621987974
active.Singletons,0.0459544838548007
active.Singletons,0.0123547966474768
active.Singletons,0.00954318285121793
active.Singletons,0.0127496077678365
active.Singletons,0.30143233650009
active.Singletons,0.0638437434664031
active.Singletons,0.186719141871565
active.Singletons,0.0253607757195234
active.Singletons,0.269598274729551
active.Singletons,0.0106464783577324
active.Singletons,0.114039603332368
active.Singletons,0.048156532481942
active.Singletons,0.650880758693821
active.Singletons,0.266144037435068
active.Singletons,0.473482381480312
active.Singletons,0.00449293600102903
active.Singletons,0.0129866805963443
active.Singletons,0.199985940405375
active.Singletons,0.175142943267655
active.Singletons,0.0285588713901883
active.Singletons,0.034362615496099
active.Singletons,0.0379073094244092
active.Singletons,0.00348143515142129
active.Singletons,0.0321830205829745
active.Singletons,0.179504783024189
active.Singletons,0.0214242769501216
active.Singletons,0.00321218566427838
active.Singletons,0.0425543104147439
active.Singletons,0.0148241337208241
active.Singletons,0.049738842910233
active.Singletons,0.00187737793188772
active.Singletons,0.03713654137385
active.Singletons,0.0435209175005792
active.Singletons,0.379396303544989
active.Singletons,0.25982200321213
active.Singletons,0.00489864800344069
active.Singletons,0.185848465911559
active.Singletons,0.041541762623023
active.Singletons,0.0738891405567487
active.Singletons,0.471717604922096
active.Singletons,0.0418231734165982
active.Singletons,0.147819415184652
active.Singletons,0.0674392459686564
active.Singletons,0.0130438785054518
active.Singletons,0.021245357645728
active.Singletons,0.00637893823754658
active.Singletons,0.181017408825831
active.Singletons,0.020254259429796
active.Singletons,0.0232750450503471
active.Singletons,0.220496487422079
active.Singletons,0.0328291702396001
active.Singletons,0.0231525666922877
active.Singletons,0.0116716056958188
active.Singletons,0.113929538990595
active.Singletons,0.0789557193574844
active.Singletons,0.0121686410541961
active.Singletons,0.120697957563411
active.Singletons,0.0110147948640018
active.Singletons,0.0254760370078763
active.Singletons,0.0850901986993984
active.Singletons,0.0233412066632487
active.Singletons,0.0629691092086173
active.Singletons,0.00267821239947832
active.Singletons,0.0659925202609155
active.Singletons,0.142092244530018
active.Singletons,0.141567380042593
active.Singletons,0.0203034577707215
active.Singletons,0.0419358990630182
active.Singletons,0.106147878345443
active.Singletons,0.296625193901327
active.Singletons,0.0376596472761195
active.Singletons,0.00594915666876069
active.Singletons,0.0346887366164644
active.Singletons,0.0456462589443101
active.Singletons,0.161943190309479
active.Singletons,0.0438637212293328
active.Singletons,0.0465592889687803
active.Singletons,0.0393201044698311
active.Singletons,0.0285613356332957
active.Singletons,0.00511321093261432
active.Singletons,0.172907175697913
active.Singletons,0.0292128385353214
active.Singletons,0.0060872295977548
active.Singletons,0.174313495729869
active.Singletons,0.105299307560501
active.Singletons,0.620567694719785
active.Singletons,0.0402906395610477
active.Singletons,0.000733021075179646
active.Singletons,0.375516540081922
active.Singletons,0.0511319553601457
active.Singletons,0.125380409067893
active.Singletons,0.0391575101731009
active.Singletons,0.0309755533619916
active.Singletons,0.118876328265657
active.Singletons,0.139240814586695
active.Singletons,0.032378999966565
active.Singletons,0.105643567326908
active.Singletons,0.234893214874852
active.Singletons,0.108020932908796
active.Singletons,0.0261701658185535
active.Singletons,0.000270592169720474
active.Singletons,0.0367215481265656
active.Singletons,0.0314843765967892
active.Singletons,0.0196528621709045
active.Singletons,0.046210197060371
active.Singletons,0.0084947472905745
active.Singletons,0.00724588773237007
active.Singletons,0.00825080018715888
active.Singletons,0.292436340677424
active.Singletons,0.727625515754063
active.Singletons,0.33873021839782
active.Singletons,0.0309897888988723
active.Singletons,0.0607009734487383
active.Singletons,0.0358018941413269
active.Singletons,0.0140896201233055
active.Singletons,0.0585501632052872
active.Singletons,0.132860685619292
active.Singletons,0.320889059990646
active.Singletons,0.326321888285411
active.Singletons,0.123247396055518
active.Singletons,0.0271989213141043
active.Singletons,0.158187881250833
active.Singletons,0.296533253763343
active.Singletons,0.860646207696055
active.Singletons,0.00142149045198894
active.Singletons,0.000645832299368881
active.Singletons,0.0784400033002825
active.Singletons,0.121960901423714
active.Singletons,0.224781672856319
active.Singletons,0.133089785448024
active.Singletons,0.0642927980265876
active.Singletons,0.00800225815922009
active.Singletons,0.424271568948372
active.Singletons,0.113006737258655
active.Singletons,0.00561743201627736
active.Singletons,0.0992838755647647
active.Singletons,0.0587106271560508
active.Singletons,0.284602526711235
active.Singletons,0.0307518796696266
active.Singletons,0.320603437627698
active.Singletons,0.0634122615942302
active.Singletons,0.0337392134565898
active.Singletons,0.0184869815673982
active.Singletons,0.0173165865803433
active.Singletons,0.099851279451208
active.Singletons,0.0137488510181376
active.Singletons,0.0683697384123877
active.Singletons,0.066839675156188
active.Singletons,0.699085842189982
active.Singletons,0.0218104003971795
active.Singletons,0.140960055993255
active.Singletons,0.380519275165601
active.Singletons,0.0298240570351817
active.Singletons,0.0287855534122039
active.Singletons,0.0319360551480494
active.Singletons,0.00527171554287082
active.Singletons,0.0445003684884627
active.Singletons,0.0252165416090708
active.Singletons,0.0611995756337597
active.Singletons,0.202996032047629
active.Singletons,0.0103502085222305
active.Singletons,0.529392071873569
active.Singletons,0.483522783027987
active.Singletons,0.0476622478645403
active.Singletons,0.0457918839610259
active.Singletons,0.00522484369619445
active.Singletons,0.0624028006466046
active.Singletons,0.0584852106046032
active.Singletons,0.102878864067531
active.Singletons,0.105649112761352
active.Singletons,0.0170902057578148
active.Singletons,0.114393832204532
active.Singletons,0.0145785877396315
active.Singletons,0.362056424787465
active.Singletons,0.0124796990603923
active.Singletons,0.0169987643942604
active.Singletons,0.0117429738507412
active.Singletons,0.0701359454224931
active.Singletons,0.0641240706330592
active.Singletons,0.00347476620907267
active.Singletons,0.0808359402190755
active.Singletons,0.0463916319336796
active.Singletons,0.0386395296598703
active.Singletons,0.052339806484381
active.Singletons,0.222393873548437
active.Singletons,0.0522255472653533
active.Singletons,0.270346895365351
active.Singletons,0.0371107747349826
active.Singletons,0.00265866968839359
active.Singletons,0.018726472551806
active.Singletons,0.149628521123816
active.Singletons,0.0451989614828776
active.Singletons,0.00352491304167647
active.Singletons,0.215011461740832
active.Singletons,0.100429761044713
active.Singletons,0.0410552617439008
active.Singletons,0.57847031159691
active.Singletons,0.0188519498190426
active.Singletons,0.0198707164563955
active.Singletons,0.0224465113142748
active.Singletons,0.00386511643366337
active.Singletons,0.0488769994106612
active.Singletons,0.00848705270243151
active.Singletons,0.00815571082961179
active.Singletons,0.0678750821348744
active.Singletons,0.0621085568607165
active.Singletons,0.0145168141731019
active.Singletons,0.0322708276384477
active.Singletons,0.0103410068999859
active.Singletons,0.285216861833041
active.Singletons,0.314701885966323
active.Singletons,0.0125553107282223
active.Singletons,0.0351762056104469
active.Singletons,0.0841868687777964
active.Singletons,0.157926308157271
active.Singletons,0.0497140288857162
active.Singletons,0.00736898837475322
active.Singletons,0.00213389573329749
active.Singletons,0.143686558828359
active.Singletons,0.0191338050965977
active.Singletons,0.0467416253819375
active.Singletons,0.143429504615998
active.Singletons,0.0362381699498177
active.Singletons,0.0364447932910619
active.Singletons,0.0343712354822658
active.Singletons,0.0064330519358336
active.Singletons,0.25602022368284
active.Singletons,0.0915376163487282
active.Singletons,0.00443711390859989
active.Singletons,0.0224335301417768
active.Singletons,0.062338031509891
active.Singletons,0.0370181544397099
active.Singletons,0.125180084002071
active.Singletons,0.78551163462815
active.Singletons,0.0297429768317226
active.Singletons,0.115104256905742
active.Singletons,0.0225591691488877
active.Singletons,0.0803367369564577
active.Singletons,0.123849376923686
active.Singletons,0.238416685703965
active.Singletons,0.0481086107121638
active.Singletons,0.194315826983959
active.Singletons,0.015672612428317
active.Singletons,0.0681285182395493
active.Singletons,0.0547718646258397
active.Singletons,0.0497625647827195
active.Singletons,0.0854497643407939
active.Singletons,0.00821589934399155
active.Singletons,0.0610254238280833
active.Singletons,0.0055428770490571
active.Singletons,0.0799411368809748
active.Singletons,0.0908104348135417
active.Singletons,0.0291398325740129
active.Singletons,0.0610163390622984
active.Singletons,0.295514417934432
active.Singletons,0.566325741656053
active.Singletons,0.422680350389879
active.Singletons,0.0277448609732878
active.Singletons,0.183299451444513
active.Singletons,0.0388903456881934
active.Singletons,0.0194443489974797
active.Singletons,0.192972559342757
active.Singletons,0.0609837636629285
active.Singletons,0.00223689559078512
active.Singletons,0.104079072946905
active.Singletons,0.0781568508268612
active.Singletons,0.00610383100434247
active.Singletons,0.252592044152514
active.Singletons,0.133479760415964
active.Singletons,0.00428922556435963
active.Singletons,0.129652486969032
active.Singletons,0.0451833794879588
active.Singletons,0.0388912752581999
active.Singletons,0.145492882316611
active.Singletons,0.21323730377835
active.Singletons,0.0744337000186208
active.Singletons,0.0161727155721264
active.Singletons,0.0201718920183946
active.Singletons,0.00766569661093257
active.Singletons,0.0543405949426378
active.Singletons,0.292352617537062
active.Singletons,0.00737322829897325
active.Singletons,0.113730630283689
active.Singletons,0.185394819618063
active.Singletons,0.0150389348458148
active.Singletons,0.0204512260147458
active.Singletons,0.236747149257765
active.Singletons,0.092475826357633
active.Singletons,0.0544953928322921
active.Singletons,0.0208930453478263
active.Singletons,0.15946935651973
active.Singletons,0.049798132932864
active.Singletons,0.0204405332732027
active.Singletons,0.902328417215595
active.Singletons,0.0105356059070393
active.Singletons,0.0091080310124447
active.Singletons,0.00941728959101296
active.Singletons,0.0174995431589963
active.Singletons,0.0127143221511287
active.Singletons,0.0111074200285848
active.Singletons,0.0105439345748626
active.Singletons,0.0233612235722399
active.Singletons,0.0336849769516921
active.Singletons,0.00499903552310673
active.Singletons,0.107200918064136
active.Singletons,0.975139152268214
active.Singletons,0.043218174864664
active.Singletons,0.000455079829478318
active.Singletons,0.177722597402528
active.Singletons,0.0229161263503076
active.Singletons,0.0567739770708006
active.Singletons,0.0762751819978715
active.Singletons,0.0915381335998902
active.Singletons,0.178746742056848
active.Singletons,0.190789888861557
active.Singletons,0.0152305314791642
active.Singletons,0.141284905869208
active.Singletons,0.00105278679939687
active.Singletons,0.0402221159307996
active.Singletons,0.116434691980728
active.Singletons,0.0502277095499786
active.Singletons,0.0864778642068255
active.Singletons,0.009204731645893
active.Singletons,0.260801725991641
active.Singletons,0.175716307279296
active.Singletons,0.0148423060088404
active.Singletons,0.0466052998427342
active.Singletons,0.0331900876508097
active.Singletons,0.00657400292180789
active.Singletons,0.113868360480195
active.Singletons,0.260390940241496
active.Singletons,0.0271467317537065
active.Singletons,0.0150629424278069
active.Singletons,0.0299375835318718
active.Singletons,0.12602981754089
active.Singletons,0.178831646944868
active.Singletons,0.29383628625038
active.Singletons,0.000940338895874931
active.Singletons,0.668585270341611
active.Singletons,0.0484668405379492
active.Singletons,0.00717007797696234
active.Singletons,0.284583369162535
active.Singletons,0.0183594427720924
active.Singletons,0.104591292743399
active.Singletons,0.245736034671538
active.Singletons,0.309853339834508
active.Singletons,0.147621042849422
active.Singletons,0.050648261387129
active.Singletons,0.430453417839668
active.Singletons,0.227083361184383
active.Singletons,0.0158973426122205
active.Singletons,0.054569053106277
active.Singletons,0.510181156856217
active.Singletons,0.0945090958022978
